{
  "sociability": 0.6394267984578837,
  "knowledge_depth": 0.025010755222666936,
  "conciseness": 0.27502931836911926,
  "formality": 0.22321073814882275,
  "creativity": 0.7364712141640124,
  "accuracy": 0.6766994874229113,
  "empathy": 0.8921795677048454
}